name,reclat,reclong,mass (g),year,family
Aachen,50.775,6.08333,21.0,1880.0,Chondrite — Ordinary
Aarhus,56.18333,10.23333,720.0,1951.0,Chondrite — Ordinary
Abee,54.21667,-113.0,107000.0,1952.0,Chondrite — Enstatite
Acapulco,16.88333,-99.9,1914.0,1976.0,Achondrite — Primitive/Other
Achiras,-33.16667,-64.95,780.0,1902.0,Chondrite — Ordinary
Adhi Kot,32.1,71.8,4239.0,1919.0,Chondrite — Enstatite
Adzhi-Bogdo (stone),44.83333,95.16667,910.0,1949.0,Chondrite — Ordinary
Agen,44.21667,0.61667,30000.0,1814.0,Chondrite — Ordinary
Aguada,-31.6,-65.23333,1620.0,1930.0,Chondrite — Ordinary
Aguila Blanca,-30.86667,-64.55,1440.0,1920.0,Chondrite — Ordinary
Aioun el Atrouss,16.39806,-9.57028,1000.0,1974.0,Achondrite — HED
Aïr,19.08333,8.38333,24000.0,1925.0,Chondrite — Ordinary
Aire-sur-la-Lys,50.66667,2.33333,,1769.0,Unknown
Akaba,29.51667,35.05,779.0,1949.0,Chondrite — Ordinary
Akbarpur,29.71667,77.95,1800.0,1838.0,Chondrite — Ordinary
Akwanga,8.91667,8.43333,3000.0,1959.0,Chondrite — Ordinary
Akyumak,39.91667,42.81667,50000.0,1981.0,Iron meteorite
Al Rais,24.41667,39.51667,160.0,1957.0,Chondrite — Carbonaceous
Al Zarnkh,13.66033,28.96,700.0,2001.0,Chondrite — Ordinary
Alais,44.11667,4.08333,6000.0,1806.0,Chondrite — Carbonaceous
Albareto,44.65,11.01667,2000.0,1766.0,Chondrite — Ordinary
Alberta,2.0,22.66667,625.0,1949.0,Chondrite — Ordinary
Alby sur Chéran,45.82133,6.01533,252.0,2002.0,Achondrite — HED
Aldsworth,51.78333,-1.78333,700.0,1835.0,Chondrite — Ordinary
Aleppo,36.23333,37.13333,3200.0,1873.0,Chondrite — Ordinary
Alessandria,44.88333,8.75,908.0,1860.0,Chondrite — Ordinary
Alexandrovsky,50.95,31.81667,9251.0,1900.0,Chondrite — Ordinary
Alfianello,45.26667,10.15,228000.0,1883.0,Chondrite — Ordinary
Allegan,42.53333,-85.88333,32000.0,1899.0,Chondrite — Ordinary
Allende,26.96667,-105.31667,2000000.0,1969.0,Chondrite — Carbonaceous
Almahata Sitta,20.74575,32.41275,3950.0,2008.0,Achondrite — Primitive/Other
Alta'ameem,35.27333,44.21556,6000.0,1977.0,Chondrite — Ordinary
Ambapur Nagla,27.66667,78.25,6400.0,1895.0,Chondrite — Ordinary
Andhara,26.58333,85.56667,2700.0,1880.0,Other / Ungrouped
Andover,44.61667,-70.75,3200.0,1898.0,Chondrite — Ordinary
Andreevka,48.7,37.5,600.0,1969.0,Chondrite — Ordinary
Andura,20.88333,76.86667,17900.0,1939.0,Chondrite — Ordinary
Angers,47.46667,-0.55,,1822.0,Chondrite — Ordinary
Angra dos Reis (stone),-22.96667,-44.31667,1500.0,1869.0,Achondrite — Primitive/Other
Ankober,9.53333,39.71667,6500.0,1942.0,Chondrite — Ordinary
Anlong,25.15,105.18333,2500.0,1971.0,Chondrite — Ordinary
Aomori,40.81056,140.78556,320.0,1984.0,Chondrite — Ordinary
Appley Bridge,53.58333,-2.71667,15000.0,1914.0,Chondrite — Ordinary
Apt,43.86667,5.38333,3200.0,1803.0,Chondrite — Ordinary
Arbol Solo,-33.0,-66.0,810.0,1954.0,Chondrite — Ordinary
Archie,38.5,-94.3,5070.0,1932.0,Chondrite — Ordinary
Arroyo Aguiar,-31.41667,-60.66667,7450.0,1950.0,Chondrite — Ordinary
Asco,42.45,9.03333,41.0,1805.0,Chondrite — Ordinary
Ash Creek,31.805,-97.01,9500.0,2009.0,Chondrite — Ordinary
Ashdon,52.05,0.3,1300.0,1923.0,Chondrite — Ordinary
Assisi,43.03333,12.55,2000.0,1886.0,Chondrite — Ordinary
Atarra,25.25417,80.625,1280.0,1920.0,Chondrite — Ordinary
Atemajac,20.06667,-103.66667,94.2,1896.0,Chondrite — Ordinary
Athens,34.75,-87.0,265.0,1933.0,Chondrite — Ordinary
Atoka,34.31667,-96.15,1384.2,1945.0,Chondrite — Ordinary
Aubres,44.38333,5.16667,800.0,1836.0,Achondrite — Primitive/Other
Aumale,36.16667,3.66667,50000.0,1865.0,Chondrite — Ordinary
Aumieres,44.33333,3.23333,2000.0,1842.0,Chondrite — Ordinary
Ausson,43.08333,0.58333,50000.0,1858.0,Chondrite — Ordinary
Avanhandava,-21.46028,-49.95083,9330.0,1952.0,Chondrite — Ordinary
Avce,46.0,13.5,1230.0,1908.0,Iron meteorite
Avilez,25.0,-103.5,146.0,1855.0,Chondrite — Ordinary
Awere,2.71667,32.83333,134.0,1968.0,Chondrite — Ordinary
Aztec,36.8,-108.0,2830.0,1938.0,Chondrite — Ordinary
Bachmut,48.6,38.0,18000.0,1814.0,Chondrite — Ordinary
Bahjoi,28.48333,78.5,10322.0,1934.0,Iron meteorite
Bald Mountain,35.96667,-82.48333,3700.0,1929.0,Chondrite — Ordinary
Baldwyn,34.5,-88.66667,345.0,1922.0,Chondrite — Ordinary
Bali,5.38333,16.38333,1000.0,1907.0,Chondrite — Carbonaceous
Ban Rong Du,16.66667,101.18333,16700.0,1993.0,Iron meteorite
Bandong,-6.91667,107.6,11500.0,1871.0,Chondrite — Ordinary
Bansur,27.7,76.33333,15000.0,1892.0,Chondrite — Ordinary
Banswal,30.4,78.2,14.0,1913.0,Chondrite — Ordinary
Banten,-6.33333,106.0,629.0,1933.0,Chondrite — Carbonaceous
Barbotan,43.95,-0.05,6400.0,1790.0,Chondrite — Ordinary
Barcelona (stone),41.36667,2.16667,,1704.0,Other / Ungrouped
Barea,42.38333,-2.5,3200.0,1842.0,Stony-iron
Barnaul,52.73333,84.08333,23.2,1904.0,Chondrite — Ordinary
Barntrup,52.0,9.1,17.0,1886.0,Chondrite — Ordinary
Baroti,31.61667,76.8,4500.0,1910.0,Chondrite — Ordinary
Barwell,52.56528,-1.33972,44000.0,1965.0,Chondrite — Ordinary
Bassikounou,15.78333,-5.9,29560.0,2006.0,Chondrite — Ordinary
Baszkówka,52.03333,20.93583,15500.0,1994.0,Chondrite — Ordinary
Bath,45.41667,-98.31667,21000.0,1892.0,Chondrite — Ordinary
Bath Furnace,38.25,-83.75,86000.0,1902.0,Chondrite — Ordinary
Battle Mountain,40.66813,-117.18913,2900.0,2012.0,Chondrite — Ordinary
Bawku,11.08333,-0.18333,1557.0,1989.0,Chondrite — Ordinary
Baxter,36.75,-93.5,611.0,1916.0,Chondrite — Ordinary
Beardsley,39.8,-101.2,16000.0,1929.0,Chondrite — Ordinary
Beaver Creek,51.16667,-117.33333,14000.0,1893.0,Chondrite — Ordinary
Beddgelert,53.01667,-4.1,794.0,1949.0,Chondrite — Ordinary
Bells,33.6,-96.46667,375.0,1961.0,Chondrite — Carbonaceous
Belville,-32.33333,-64.86667,,1937.0,Other / Ungrouped
Benares (a),25.36667,82.91667,3700.0,1798.0,Chondrite — Ordinary
Benguerir,32.25,-8.15,25000.0,2004.0,Chondrite — Ordinary
Beni M'hira,32.86667,10.8,19000.0,2001.0,Chondrite — Ordinary
Benld,39.08333,-89.15,1770.5,1938.0,Chondrite — Ordinary
Benoni,-26.16667,28.41667,3880.0,1943.0,Chondrite — Ordinary
Bensour,30.0,-7.0,45000.0,2002.0,Chondrite — Ordinary
Benton,45.95,-67.55,2840.0,1949.0,Chondrite — Ordinary
Berduc,-31.91,-58.32833,270.0,2008.0,Chondrite — Ordinary
Béréba,11.65,-3.65,18000.0,1924.0,Achondrite — HED
Berlanguillas,41.68333,-3.8,1440.0,1811.0,Chondrite — Ordinary
Berthoud,40.30583,-105.02325,960.0,2004.0,Achondrite — HED
Bethlehem,42.53333,-73.83333,13.9,1859.0,Chondrite — Ordinary
Beuste,43.21667,-0.23333,2000.0,1859.0,Chondrite — Ordinary
Beyrout,33.88333,35.5,1100.0,1921.0,Chondrite — Ordinary
Bhagur,20.88333,74.83333,18.0,1877.0,Chondrite — Ordinary
Bhawad,26.50833,73.11528,678.0,2002.0,Chondrite — Ordinary
Bherai,20.83333,71.46667,100.0,1893.0,Chondrite — Ordinary
Bhola,22.68333,90.65,1047.0,1940.0,Chondrite — Ordinary
Bholghati,22.08333,86.9,2500.0,1905.0,Achondrite — HED
Bialystok,53.1,23.2,4000.0,1827.0,Achondrite — HED
Bielokrynitschie,50.13333,27.16667,1900.0,1887.0,Chondrite — Ordinary
Bilanga,12.45,-0.08333,25000.0,1999.0,Achondrite — HED
Binningup,-33.15639,115.67639,488.1,1984.0,Chondrite — Ordinary
Birni N'konni,13.76667,5.3,560.0,1923.0,Chondrite — Ordinary
Bishopville,34.16667,-80.28333,6000.0,1843.0,Achondrite — Primitive/Other
Bishunpur,25.38333,82.6,1039.0,1895.0,Chondrite — Ordinary
Bjelaja Zerkov,49.78333,30.16667,1850.0,1796.0,Chondrite — Ordinary
Bjurböle,60.4,25.8,330000.0,1899.0,Chondrite — Ordinary
Black Moshannan Park,40.91667,-78.08333,705.0,1941.0,Chondrite — Ordinary
Blackwell,36.83333,-97.33333,2381.0,1906.0,Chondrite — Ordinary
Blanket,31.83333,-98.83333,5100.0,1909.0,Chondrite — Ordinary
Blansko,49.36667,16.63333,470.0,1833.0,Chondrite — Ordinary
Bloomington,40.48,-89.00417,67.8,1938.0,Chondrite — Ordinary
Bo Xian,33.83333,115.83333,7500.0,1977.0,Chondrite — Ordinary
Bocas,23.0,-102.0,56.0,1804.0,Chondrite — Ordinary
Bogou,12.5,0.7,8800.0,1962.0,Iron meteorite
Boguslavka,44.55,131.63333,256000.0,1916.0,Iron meteorite
Borgo San Donino,44.86667,10.05,1676.0,1808.0,Chondrite — Ordinary
Bori,21.95,78.03333,8600.0,1894.0,Chondrite — Ordinary
Boriskino,54.23333,52.48333,1342.0,1930.0,Chondrite — Carbonaceous
Borkut,48.15,24.28333,7000.0,1852.0,Chondrite — Ordinary
Borodino,55.46667,35.86667,500.0,1812.0,Chondrite — Ordinary
Botschetschki,51.33333,33.88333,614.0,1823.0,Chondrite — Ordinary
Boumdeid (2003),17.71067,-11.3715,190.0,2003.0,Chondrite — Ordinary
Boumdeid (2011),17.17493,-11.34133,3599.0,2011.0,Chondrite — Ordinary
Bovedy,54.56667,-6.33333,5460.0,1969.0,Chondrite — Ordinary
Bradford Woods,40.5,-80.08333,762.0,1886.0,Chondrite — Ordinary
Braunau,50.6,16.3,39000.0,1847.0,Iron meteorite
Breitscheid,50.66694,8.18361,1500.0,1956.0,Chondrite — Ordinary
Bremervörde,53.4,9.1,7250.0,1855.0,Chondrite — Ordinary
Brient,52.13333,59.31667,219.0,1933.0,Achondrite — HED
Bruderheim,53.9,-112.88333,303000.0,1960.0,Chondrite — Ordinary
Bukhara,39.77978,64.60035,5300.0,2001.0,Chondrite — Carbonaceous
Bunburra Rockhole,-31.35,129.19,324.0,2007.0,Achondrite — HED
Bununu,10.01667,9.58333,357.0,1942.0,Achondrite — HED
Bur-Gheluai,5.0,48.0,120000.0,1919.0,Chondrite — Ordinary
Burnwell,37.62194,-82.23722,1504.0,1990.0,Chondrite — Ordinary
Bursa,40.2,29.23333,25000.0,1946.0,Chondrite — Ordinary
Buschhof,46.45,25.78333,5000.0,1863.0,Chondrite — Ordinary
Bustee,26.78333,82.83333,1500.0,1852.0,Achondrite — Primitive/Other
Butsura,27.08333,84.08333,29000.0,1861.0,Chondrite — Ordinary
Buzzard Coulee,52.996,-109.84817,41000.0,2008.0,Chondrite — Ordinary
Cabezo de Mayo,37.98333,-1.16667,25000.0,1870.0,Chondrite — Ordinary
Cabin Creek,35.5,-93.5,48500.0,1886.0,Iron meteorite
Cacak,43.83889,20.33333,212.0,1919.0,Other / Ungrouped
Cali,3.405,-76.51,478.0,2007.0,Chondrite — Ordinary
Calivo,11.75,122.33333,2400.0,1916.0,Other / Ungrouped
Campos Sales,-7.03333,-40.16667,23680.0,1991.0,Chondrite — Ordinary
Çanakkale,39.8,26.6,4000.0,1964.0,Chondrite — Ordinary
Cañellas,41.25,1.66667,945.0,1861.0,Chondrite — Ordinary
Cangas de Onis,43.38333,-5.15,34000.0,1866.0,Chondrite — Ordinary
Canon City,38.47028,-105.24139,1400.0,1973.0,Chondrite — Ordinary
Cape Girardeau,37.26667,-89.58333,2300.0,1846.0,Chondrite — Ordinary
Capilla del Monte,-30.88333,-64.55,750.0,1934.0,Chondrite — Ordinary
Carancas,-16.66444,-69.04389,342.0,2007.0,Chondrite — Ordinary
Caratash,38.5,27.0,8.0,1902.0,Chondrite — Ordinary
Castalia,36.08333,-78.06667,7300.0,1874.0,Chondrite — Ordinary
Castel Berardenga,43.35,11.5,,1791.0,Other / Ungrouped
Castine,44.38333,-68.75,94.0,1848.0,Chondrite — Ordinary
Castrovillari,39.8,16.2,15000.0,1583.0,Other / Ungrouped
Caswell County,36.5,-79.25,1360.0,1810.0,Other / Ungrouped
Ceniceros,26.46667,-105.23333,1025.0,1988.0,Chondrite — Ordinary
Centerville,43.2,-96.91667,45.6,1956.0,Chondrite — Ordinary
Cereseto,45.08333,8.3,6460.0,1840.0,Chondrite — Ordinary
Chadong,28.53333,109.31667,3700.0,1998.0,Chondrite — Ordinary
Chail,25.36667,81.66667,0.5,1814.0,Chondrite — Ordinary
Chainpur,25.85,83.48333,8200.0,1907.0,Chondrite — Ordinary
Chajari,-30.78333,-58.05,18300.0,1933.0,Chondrite — Ordinary
Chandakapur,20.26667,76.01667,8800.0,1838.0,Chondrite — Ordinary
Chandpur,27.28333,79.05,1100.0,1885.0,Chondrite — Ordinary
Changde,29.08333,111.75,1810.0,1977.0,Chondrite — Ordinary
Chantonnay,46.68333,1.05,31500.0,1812.0,Chondrite — Ordinary
Charlotte,36.16667,-87.33333,4300.0,1835.0,Iron meteorite
Charsonville,47.93333,1.56667,27000.0,1810.0,Chondrite — Ordinary
Charwallas,29.48333,75.5,12000.0,1834.0,Chondrite — Ordinary
Chassigny,47.71667,5.36667,4000.0,1815.0,Achondrite — Martian
Château-Renard,47.93333,2.91667,30000.0,1841.0,Chondrite — Ordinary
Chaves,41.93333,-7.46667,2945.0,1925.0,Achondrite — HED
Chela,-3.66667,32.5,2936.0,1988.0,Chondrite — Ordinary
Chelyabinsk,54.81667,61.11667,100000.0,2013.0,Chondrite — Ordinary
Chergach ,23.69639,-5.01472,100000.0,2007.0,Chondrite — Ordinary
Chernyi Bor,53.7,30.1,6000.0,1964.0,Chondrite — Ordinary
Cherokee Springs,35.03333,-81.88333,8400.0,1933.0,Chondrite — Ordinary
Chervettaz,46.55,6.81667,705.0,1901.0,Chondrite — Ordinary
Chervony Kut,50.83333,34.0,1700.0,1939.0,Achondrite — HED
Chetrinahatti,14.5,76.5,72.0,1880.0,Other / Ungrouped
Chiang Khan,17.9,101.63333,367.0,1981.0,Chondrite — Ordinary
Chicora,40.93333,-79.73333,303.0,1938.0,Chondrite — Ordinary
Chisenga,-10.05944,33.395,3920.0,1988.0,Iron meteorite
Chitado,-17.35,13.96667,,1966.0,Chondrite — Ordinary
Chitenay,47.47083,0.97667,4000.0,1978.0,Chondrite — Ordinary
Cilimus,-6.95,108.1,1600.0,1979.0,Chondrite — Ordinary
Claxton,32.1025,-81.87278,1455.0,1984.0,Chondrite — Ordinary
Colby (Wisconsin),44.9,-90.28333,104000.0,1917.0,Chondrite — Ordinary
Cold Bokkeveld,-33.13333,19.38333,5200.0,1838.0,Chondrite — Carbonaceous
Coleman,43.76111,-84.50778,469.0,1994.0,Chondrite — Ordinary
Collescipoli,42.53333,12.61667,5000.0,1890.0,Chondrite — Ordinary
Conquista,-19.85,-47.55,20350.0,1965.0,Chondrite — Ordinary
Cosina,21.16667,-100.86667,1200.0,1844.0,Chondrite — Ordinary
Cranganore,10.2,76.26667,1460.0,1917.0,Chondrite — Ordinary
Crescent,35.95,-97.58333,78.4,1936.0,Chondrite — Carbonaceous
Cronstad,-27.7,27.3,3650.0,1877.0,Chondrite — Ordinary
Cross Roads,35.63333,-78.13333,167.0,1892.0,Chondrite — Ordinary
Crumlin,54.61667,-6.21667,4255.0,1902.0,Chondrite — Ordinary
Cumberland Falls,36.83333,-84.35,17000.0,1919.0,Achondrite — Primitive/Other
Cynthiana,38.4,-84.25,6000.0,1877.0,Chondrite — Ordinary
Dahmani,35.61667,8.83333,18000.0,1981.0,Chondrite — Ordinary
Dandapur,26.91667,83.96667,5650.0,1878.0,Chondrite — Ordinary
Daniel's Kuil,-28.2,24.56667,1064.0,1868.0,Chondrite — Enstatite
Danville,34.4,-87.06667,2000.0,1868.0,Chondrite — Ordinary
Darmstadt,49.86667,8.65,100.0,1804.0,Chondrite — Ordinary
Dashoguz,41.98444,59.685,7000.0,1998.0,Chondrite — Ordinary
Daule,-1.87089,-79.95756,6580.0,2008.0,Chondrite — Ordinary
De Cewsville,43.0,-80.0,340.0,1887.0,Chondrite — Ordinary
Deal,40.25,-74.0,28.0,1829.0,Chondrite — Ordinary
Delhi,28.56667,77.25,0.8,1897.0,Chondrite — Ordinary
Demina,51.46667,84.76667,16400.0,1911.0,Chondrite — Ordinary
Denver,39.7825,-104.93056,230.0,1967.0,Chondrite — Ordinary
Dergaon,26.68333,93.86667,12500.0,2001.0,Chondrite — Ordinary
Desuri,25.73333,73.61667,25400.0,1962.0,Chondrite — Ordinary
Devgaon,19.0,81.0,12000.0,2001.0,Chondrite — Ordinary
Devri-Khera,24.225,76.525,1140.0,1994.0,Chondrite — Ordinary
Dhajala,22.37778,71.42722,45000.0,1976.0,Chondrite — Ordinary
Dharwar,14.88333,75.6,1800.0,1848.0,Other / Ungrouped
Dhurmsala,32.23333,76.46667,32000.0,1860.0,Chondrite — Ordinary
Didim,37.35172,27.32997,3396.0,2007.0,Chondrite — Ordinary
Diep River,-33.75,18.56667,1000.0,1906.0,Chondrite — Ordinary
Distrito Quebracho,-31.88333,-60.46667,400.0,1957.0,Chondrite — Ordinary
Djati-Pengilon,-7.5,111.5,166000.0,1884.0,Chondrite — Ordinary
Djermaia,12.73333,15.05,3950.0,1961.0,Chondrite — Ordinary
Djoumine,36.95,9.55,10000.0,1999.0,Chondrite — Ordinary
Dokachi,23.5,90.33333,3840.0,1903.0,Chondrite — Ordinary
Dolgovoli,50.75,25.3,1600.0,1864.0,Chondrite — Ordinary
Domanitch,40.0,29.0,438.0,1907.0,Chondrite — Ordinary
Dong Ujimqin Qi,45.5,119.03333,128800.0,1995.0,Stony-iron
Donga Kohrod,21.86667,82.45,230.0,1899.0,Chondrite — Ordinary
Dongtai,32.91667,120.78333,5500.0,1970.0,Chondrite — Ordinary
Doroninsk,51.2,112.3,3891.0,1805.0,Chondrite — Ordinary
Dosso,13.05,3.16667,1250.0,1962.0,Chondrite — Ordinary
Douar Mghila,32.33333,-6.3,1161.0,1932.0,Chondrite — Ordinary
Dowa,-13.66667,33.91667,642.0,1976.0,Other / Ungrouped
Drake Creek,36.4,-86.5,5000.0,1827.0,Chondrite — Ordinary
Dresden (Ontario),42.52,-82.26,47700.0,1939.0,Chondrite — Ordinary
Dubrovnik,42.45833,18.44167,1900.0,1951.0,Chondrite — Ordinary
Dunbogan,-31.66667,152.83333,30.0,1999.0,Chondrite — Ordinary
Dundrum,52.55,-8.03333,2270.0,1865.0,Chondrite — Ordinary
Dunhua,43.33333,128.25,,1976.0,Other / Ungrouped
Durala,30.3,76.63333,13200.0,1815.0,Chondrite — Ordinary
Duruma,-4.0,39.5,577.0,1853.0,Chondrite — Ordinary
Duwun,33.43333,127.26667,2117.0,1943.0,Chondrite — Ordinary
Dwaleni,-27.2,31.31667,3230.0,1970.0,Chondrite — Ordinary
Dyalpur,26.25,82.0,300.0,1872.0,Achondrite — Primitive/Other
Dyarrl Island,-3.0,151.0,188.0,1933.0,Stony-iron
Eagle,40.78167,-96.47167,10000.0,1947.0,Chondrite — Enstatite
Ehole,-17.3,15.83333,2400.0,1961.0,Chondrite — Ordinary
Eichstädt,48.9,11.21667,3000.0,1785.0,Chondrite — Ordinary
Ekeby,56.03333,13.0,3336.0,1939.0,Chondrite — Ordinary
Ekh Khera,28.26667,78.78333,840.0,1916.0,Chondrite — Ordinary
El Idrissia,34.41667,3.25,10000.0,1989.0,Chondrite — Ordinary
El Paso de Aguila,25.37,-97.37,17226.0,1977.0,Chondrite — Ordinary
El Tigre,19.96722,-103.05167,5000.0,1993.0,Chondrite — Ordinary
Elbert,39.24667,-104.58817,680.5,1998.0,Chondrite — Ordinary
Elbogen,50.18333,12.73333,107000.0,1399.0,Iron meteorite
Elenovka,47.83333,37.66667,54640.0,1951.0,Chondrite — Ordinary
Ellemeet,51.75,4.0,1470.0,1925.0,Achondrite — HED
Emmaville,-29.46667,151.61667,127.0,1900.0,Achondrite — HED
Enshi,30.3,109.5,8000.0,1974.0,Chondrite — Ordinary
Ensisheim,47.86667,7.35,127000.0,1491.0,Chondrite — Ordinary
Épinal,48.18333,6.46667,277.0,1822.0,Chondrite — Ordinary
Erakot,19.03333,81.89167,113.0,1940.0,Chondrite — Carbonaceous
Erevan,40.3,44.5,107.2,1911.0,Achondrite — HED
Ergheo,1.16667,44.16667,20000.0,1889.0,Chondrite — Ordinary
Erxleben,52.21667,11.25,2250.0,1812.0,Chondrite — Ordinary
Esnandes,46.25,-1.1,1500.0,1837.0,Chondrite — Ordinary
Essebi,2.88333,30.83333,500.0,1957.0,Chondrite — Carbonaceous
Estherville,43.41667,-94.83333,320000.0,1879.0,Stony-iron
Farmington,39.75,-97.03333,89400.0,1890.0,Chondrite — Ordinary
Farmville,35.55,-77.53333,56000.0,1934.0,Chondrite — Ordinary
Favars,44.38333,2.81667,1500.0,1844.0,Chondrite — Ordinary
Fayetteville,36.05,-94.16667,2360.0,1934.0,Chondrite — Ordinary
Feid Chair,36.88333,8.45,380.0,1875.0,Chondrite — Ordinary
Felix,32.53333,-87.16667,3200.0,1900.0,Chondrite — Carbonaceous
Fenghsien-Ku,34.6,116.75,82.0,1924.0,Chondrite — Ordinary
Ferguson,36.1,-81.41667,220.0,1889.0,Other / Ungrouped
Fermo,43.18111,13.75333,10200.0,1996.0,Chondrite — Ordinary
Fisher,47.81667,-96.85,17600.0,1894.0,Chondrite — Ordinary
Florence,30.83333,-97.76667,3640.0,1922.0,Chondrite — Ordinary
Forest City,43.25,-93.66667,152000.0,1890.0,Chondrite — Ordinary
Forest Vale,-33.35,146.85833,26000.0,1942.0,Chondrite — Ordinary
Forksville,36.78333,-78.08333,6067.0,1924.0,Chondrite — Ordinary
Forsbach,50.95,7.31667,240.0,1900.0,Chondrite — Ordinary
Forsyth,33.01667,-83.96667,16300.0,1829.0,Chondrite — Ordinary
Fort Flatters,28.25,7.0,,1944.0,Other / Ungrouped
Frankfort (stone),34.48333,-87.83333,650.0,1868.0,Achondrite — HED
Fuhe,31.47556,113.56694,23000.0,1945.0,Chondrite — Ordinary
Fukutomi,33.18333,130.2,11620.0,1882.0,Chondrite — Ordinary
Fünen,55.33333,10.33333,,1654.0,Other / Ungrouped
Futtehpur,25.95,80.81667,4000.0,1822.0,Chondrite — Ordinary
Fuyang,32.9,115.9,2500.0,1977.0,Other / Ungrouped
Galapian,44.3,0.4,132.7,1826.0,Chondrite — Ordinary
Galim (a),7.05,12.43333,36.1,1952.0,Chondrite — Ordinary
Galim (b),7.05,12.43333,28.0,1952.0,Chondrite — Enstatite
Galkiv,51.68333,30.78333,5000.0,1995.0,Chondrite — Ordinary
Gambat,27.35,68.53333,6400.0,1897.0,Chondrite — Ordinary
Gao-Guenie,11.65,-2.18333,,1960.0,Chondrite — Ordinary
Garhi Yasin,27.88333,68.53333,380.0,1917.0,Iron meteorite
Garland,41.68333,-112.13333,102.0,1950.0,Achondrite — HED
Gashua,12.85,11.03333,4162.0,1984.0,Chondrite — Ordinary
Gasseltepaoua,14.15083,-2.04167,,2000.0,Chondrite — Ordinary
Geidam,12.91667,11.91667,725.0,1950.0,Chondrite — Ordinary
Gifu,35.53333,136.88333,14290.0,1909.0,Chondrite — Ordinary
Girgenti,37.31667,13.56667,18000.0,1853.0,Chondrite — Ordinary
Git-Git,9.6,9.91667,480.0,1947.0,Chondrite — Ordinary
Glanerbrug,52.2,6.86667,670.0,1990.0,Chondrite — Ordinary
Glanggang,-7.25,107.7,1303.0,1939.0,Chondrite — Ordinary
Glasatovo,57.35,37.61667,152000.0,1918.0,Chondrite — Ordinary
Glatton,52.45972,-0.3,767.0,1991.0,Chondrite — Ordinary
Gnadenfrei,50.66667,16.76667,1750.0,1879.0,Chondrite — Ordinary
Gopalpur,24.23333,89.05,1600.0,1865.0,Chondrite — Ordinary
Gorlovka,48.28333,38.08333,3618.0,1974.0,Chondrite — Ordinary
Granes,42.9,2.25,9000.0,1964.0,Chondrite — Ordinary
Grefsheim,60.66667,11.0,45.5,1976.0,Chondrite — Ordinary
Grimsby,43.2,-79.61667,215.0,2009.0,Chondrite — Ordinary
Grosnaja,43.66667,45.38333,3500.0,1861.0,Chondrite — Carbonaceous
Gross-Divina,49.26667,18.71667,10500.0,1837.0,Chondrite — Ordinary
Grossliebenthal,46.35,30.58333,8000.0,1881.0,Chondrite — Ordinary
Grüneberg,51.93333,15.5,1000.0,1841.0,Chondrite — Ordinary
Grzempach,52.86667,16.63333,690.0,1910.0,Chondrite — Ordinary
Gualeguaychú,-33.0,-58.61667,22000.0,1932.0,Chondrite — Ordinary
Guangmingshan,39.80417,122.76389,2910.0,1996.0,Chondrite — Ordinary
Guangnan,24.1,105.0,,1983.0,Chondrite — Ordinary
Guangrao,37.1,118.4,1900.0,1980.0,Chondrite — Ordinary
Guareña,38.73333,-6.01667,39000.0,1892.0,Chondrite — Ordinary
Guêa,43.76667,20.23333,1915.0,1891.0,Other / Ungrouped
Guibga,13.5,-0.68333,288.0,1972.0,Chondrite — Ordinary
Guidder,9.91667,13.98333,968.0,1949.0,Chondrite — Ordinary
Gujargaon,22.98333,76.05,2449.0,1982.0,Chondrite — Ordinary
Gujba,11.49167,11.65833,100000.0,1984.0,Chondrite — Carbonaceous
Gumoschnik,42.9,24.7,5700.0,1904.0,Chondrite — Ordinary
Gurram Konda,13.78333,78.56667,28.0,1814.0,Chondrite — Ordinary
Gursum,9.36667,42.41667,34650.0,1981.0,Chondrite — Ordinary
Gütersloh,51.91667,8.38333,1000.0,1851.0,Chondrite — Ordinary
Gyokukei,35.0,127.5,1320.0,1930.0,Other / Ungrouped
Hachi-oji,35.65,139.33333,0.2,1817.0,Chondrite — Ordinary
Hainaut,50.31667,3.73333,9000.0,1934.0,Chondrite — Ordinary
Hallingeberg,57.81667,16.23333,1456.0,1944.0,Chondrite — Ordinary
Hamlet,41.38333,-86.6,3710.0,1959.0,Chondrite — Ordinary
Haraiya,26.8,82.53333,1000.0,1878.0,Achondrite — HED
Haripura,28.38333,75.78333,315.0,1921.0,Chondrite — Carbonaceous
Harleton,32.675,-94.51167,8360.0,1961.0,Chondrite — Ordinary
Harrison County,38.25,-86.16667,680.0,1859.0,Chondrite — Ordinary
Hashima,35.2945,136.70033,1110.6,1910.0,Chondrite — Ordinary
Hassi-Jekna,28.95,0.81667,1250.0,1890.0,Iron meteorite
Hatford,51.65,-1.51667,29000.0,1628.0,Other / Ungrouped
Haverö,60.24556,22.06194,1544.0,1971.0,Achondrite — Primitive/Other
Hedeskoga,55.46667,13.78333,3500.0,1922.0,Chondrite — Ordinary
Hedjaz,27.33333,35.66667,6100.0,1910.0,Chondrite — Ordinary
Heredia,10.0,-84.1,1000.0,1857.0,Chondrite — Ordinary
Hessle,59.85,17.66667,20000.0,1869.0,Chondrite — Ordinary
Higashi-koen,33.6,130.43333,750.0,1897.0,Chondrite — Ordinary
High Possil,55.9,-4.23333,4500.0,1804.0,Chondrite — Ordinary
Hiroshima,34.45,132.38333,414.0,2003.0,Chondrite — Ordinary
Hoima,1.345,31.47278,167.7,2003.0,Chondrite — Ordinary
Hökmark,64.43333,21.2,305.5,1954.0,Chondrite — Ordinary
Holbrook,34.9,-110.18333,220000.0,1912.0,Chondrite — Ordinary
Holetta,9.06667,38.41667,1415.0,1923.0,Other / Ungrouped
Homestead,41.8,-91.86667,230000.0,1875.0,Chondrite — Ordinary
Honolulu,21.3,-157.86667,2420.0,1825.0,Chondrite — Ordinary
Hotse,35.66667,115.5,180.0,1956.0,Chondrite — Ordinary
Hoxie,39.35,-100.45,266.1,1963.0,Other / Ungrouped
Hraschina,46.1,16.33333,49000.0,1751.0,Iron meteorite
Huaxi,26.46469,106.63241,1600.0,2010.0,Chondrite — Ordinary
Hungen,50.3,8.91667,112.0,1877.0,Chondrite — Ordinary
Hvittis,61.18333,22.68333,14000.0,1901.0,Chondrite — Enstatite
Ibbenbüren,52.28333,7.7,2000.0,1870.0,Achondrite — HED
Ibitira,-20.0,-45.0,2500.0,1957.0,Achondrite — HED
Ibrisim,38.0,35.0,,1949.0,Other / Ungrouped
Ichkala,58.2,82.93333,3973.0,1936.0,Chondrite — Ordinary
Idutywa,-32.1,28.33333,3457.0,1956.0,Chondrite — Ordinary
Iguaracu,-23.2,-51.83333,1200.0,1977.0,Chondrite — Ordinary
Ijopega,-6.03333,145.36667,7330.0,1975.0,Chondrite — Ordinary
Indarch,39.75,46.66667,27000.0,1891.0,Chondrite — Enstatite
Independence,39.08333,-94.4,880.0,1917.0,Chondrite — Ordinary
Inner Mongolia,41.0,112.0,3000.0,1963.0,Chondrite — Ordinary
Innisfree,53.415,-111.3375,4576.0,1977.0,Chondrite — Ordinary
Ipiranga,-25.5,-54.5,7000.0,1972.0,Chondrite — Ordinary
Ishinga,-8.93333,33.8,1300.0,1954.0,Chondrite — Ordinary
Isthilart,-31.18333,-57.95,3050.0,1928.0,Chondrite — Ordinary
Itapicuru-Mirim,-3.4,-44.33333,2024.0,1879.0,Chondrite — Ordinary
Itqiy,26.59083,-12.95217,4720.0,1990.0,Chondrite — Enstatite
Ivuna,-8.41667,32.43333,704.5,1938.0,Chondrite — Carbonaceous
Jackalsfontein,-32.5,21.9,48000.0,1903.0,Chondrite — Ordinary
Jajh deh Kot Lalu,26.75,68.41667,973.0,1926.0,Chondrite — Enstatite
Jalandhar,31.0,75.0,1967.0,1621.0,Iron meteorite
Jamkheir,18.75,75.33333,22.0,1866.0,Chondrite — Ordinary
Jartai,39.7,105.8,20500.0,1979.0,Chondrite — Ordinary
Jelica,43.83333,20.44167,34000.0,1889.0,Chondrite — Ordinary
Jesenice,46.42137,14.05217,3667.0,2009.0,Chondrite — Ordinary
Jhung,31.3,72.38333,5900.0,1873.0,Chondrite — Ordinary
Jiange,31.91667,104.91667,222.0,1964.0,Chondrite — Ordinary
Jianshi,30.80833,109.5,600000.0,1890.0,Iron meteorite
Jilin,44.05,126.16667,4000000.0,1976.0,Chondrite — Ordinary
Jodiya,22.68,70.31333,100.0,2006.0,Chondrite — Ordinary
Jodzie,55.7,24.4,30.0,1877.0,Achondrite — HED
Johnstown,40.35,-104.9,40300.0,1924.0,Achondrite — HED
Jolomba,-11.85,15.83333,483.0,1974.0,Chondrite — Ordinary
Jonzac,45.43333,-0.45,5000.0,1819.0,Achondrite — HED
Juancheng,35.5,115.41667,100000.0,1997.0,Chondrite — Ordinary
Judesegeri,12.85,76.8,680.0,1876.0,Chondrite — Ordinary
Jumapalo,-7.71667,111.2,32490.0,1984.0,Chondrite — Ordinary
Junan,35.2,118.8,950.0,1976.0,Chondrite — Ordinary
Juromenha,38.74028,-7.27,25250.0,1968.0,Iron meteorite
Juvinas,44.71667,4.3,91000.0,1821.0,Achondrite — HED
Kaba,47.35,21.3,3000.0,1857.0,Chondrite — Carbonaceous
Kabo,11.85,8.21667,13400.0,1971.0,Chondrite — Ordinary
Kadonah,27.08333,78.33333,89.0,1822.0,Chondrite — Ordinary
Kaee,27.25,79.96667,230.0,1838.0,Chondrite — Ordinary
Kagarlyk,49.86667,30.83333,1900.0,1908.0,Chondrite — Ordinary
Kaidun,15.0,48.3,2000.0,1980.0,Chondrite — Carbonaceous
Kainsaz,55.43333,53.25,200000.0,1937.0,Chondrite — Carbonaceous
Kakangari,12.38333,78.51667,350.0,1890.0,Other / Ungrouped
Kakowa,45.13333,21.66667,577.0,1858.0,Chondrite — Ordinary
Kalaba,-6.83333,29.5,950.0,1951.0,Chondrite — Ordinary
Kalumbi,17.83333,73.98333,4500.0,1879.0,Chondrite — Ordinary
Kamalpur,26.03333,81.46667,2770.0,1942.0,Chondrite — Ordinary
Kamiomi,36.04167,139.95667,448.0,1913.0,Chondrite — Ordinary
Kamsagar,14.18333,75.8,1293.0,1902.0,Chondrite — Ordinary
Kandahar (Afghanistan),31.6,65.78333,299.0,1959.0,Chondrite — Ordinary
Kangean,-7.0,115.5,1630.0,1908.0,Chondrite — Ordinary
Kangra Valley,32.08333,76.3,400.0,1897.0,Chondrite — Ordinary
Kapoeta,4.7,33.63333,11355.0,1942.0,Achondrite — HED
Kaprada,20.33916,73.22329,1600.0,2004.0,Chondrite — Ordinary
Kaptal-Aryk,42.45,73.36667,3500.0,1937.0,Chondrite — Ordinary
Karakol,47.21667,81.01667,3000.0,1840.0,Chondrite — Ordinary
Karatu,-3.5,35.58333,2220.0,1963.0,Chondrite — Ordinary
Karewar,12.9,7.15,180.0,1949.0,Chondrite — Ordinary
Karkh,27.8,67.16667,22000.0,1905.0,Chondrite — Ordinary
Karloowala,31.58333,71.6,2950.0,1955.0,Chondrite — Ordinary
Karoonda,-35.08333,139.91667,41730.0,1930.0,Chondrite — Carbonaceous
Kasamatsu,35.36667,136.76667,710.0,1938.0,Chondrite — Ordinary
Kasauli,29.58333,77.58333,16820.0,2003.0,Chondrite — Ordinary
Katagum,11.33333,10.08333,1500.0,1999.0,Chondrite — Ordinary
Kavarpura,25.14333,75.81333,6800.0,2006.0,Iron meteorite
Kayakent,39.26333,31.78,85000.0,1961.0,Iron meteorite
Kediri,-7.75,112.01667,3300.0,1940.0,Chondrite — Ordinary
Kemer,36.54194,29.41822,5760.0,2008.0,Chondrite — Ordinary
Kendleton,29.45,-96.0,6937.0,1939.0,Chondrite — Ordinary
Kendrapara,20.4625,86.70278,6669.2,2003.0,Chondrite — Ordinary
Kerilis,48.4,-3.3,5000.0,1874.0,Chondrite — Ordinary
Kernouve,48.11667,-3.08333,80000.0,1869.0,Chondrite — Ordinary
Kesen,38.98333,141.61667,135000.0,1850.0,Chondrite — Ordinary
Khairpur,29.53333,72.3,13600.0,1873.0,Chondrite — Enstatite
Khanpur,25.55,83.11667,3698.0,1932.0,Chondrite — Ordinary
Kharkov,50.625,35.075,1500.0,1787.0,Chondrite — Ordinary
Kheragur,26.95,77.88333,450.0,1860.0,Chondrite — Ordinary
Khetri,28.01667,75.81667,100.0,1867.0,Chondrite — Ordinary
Khmelevka,56.75,75.33333,6109.0,1929.0,Chondrite — Ordinary
Khohar,25.1,81.53333,9700.0,1910.0,Chondrite — Ordinary
Khor Temiki,16.0,36.0,3200.0,1932.0,Achondrite — Primitive/Other
Kidairat,14.0,28.0,100000.0,1983.0,Chondrite — Ordinary
Kiel,54.4,10.15,737.6,1962.0,Chondrite — Ordinary
Kiffa,16.58333,-11.33333,1500.0,1970.0,Chondrite — Ordinary
Kijima (1906),36.85,138.38333,331.0,1906.0,Other / Ungrouped
Kikino,55.0,34.0,195.0,1809.0,Chondrite — Ordinary
Kilabo,12.76667,9.8,19000.0,2002.0,Chondrite — Ordinary
Kilbourn,43.58333,-89.6,772.0,1911.0,Chondrite — Ordinary
Killeter,54.66667,-7.66667,140.0,1844.0,Chondrite — Ordinary
Kingai,11.63333,24.68333,67.4,1967.0,Chondrite — Ordinary
Kirbyville,30.75,-95.95,97.7,1906.0,Achondrite — HED
Kisvarsány,48.16667,22.30833,1550.0,1914.0,Chondrite — Ordinary
Kitchener,43.38333,-80.38333,202.6,1998.0,Chondrite — Ordinary
Klein-Wenden,51.6,10.8,3250.0,1843.0,Chondrite — Ordinary
Knyahinya,48.9,22.4,500000.0,1866.0,Chondrite — Ordinary
Kobe,34.73333,135.16667,136.0,1999.0,Chondrite — Carbonaceous
Kokubunji,34.3,133.95,11510.0,1986.0,Chondrite — Ordinary
Komagome,35.73333,139.75,238.0,1926.0,Iron meteorite
Konovo,42.51667,26.16667,90.0,1931.0,Chondrite — Ordinary
Košice,48.76367,21.17633,4300.0,2010.0,Chondrite — Ordinary
Krähenberg,49.32694,7.46472,16500.0,1869.0,Chondrite — Ordinary
Krasnoi-Ugol,54.03333,40.9,2440.0,1829.0,Chondrite — Ordinary
Krasnyi Klyuch,54.33333,56.08333,4000.0,1946.0,Chondrite — Ordinary
Krutikha,56.8,77.0,845.2,1906.0,Other / Ungrouped
Krymka,47.83333,30.76667,50000.0,1946.0,Chondrite — Ordinary
Kukschin,51.15,31.7,2250.0,1938.0,Chondrite — Ordinary
Kulak,30.73111,66.80222,453.6,1961.0,Chondrite — Ordinary
Kuleschovka,50.75,33.5,6000.0,1811.0,Chondrite — Ordinary
Kulp,41.11667,45.0,3719.0,1906.0,Chondrite — Ordinary
Kunashak,55.78333,61.36667,200000.0,1949.0,Chondrite — Ordinary
Kunya-Urgench,42.25,59.2,1100000.0,1998.0,Chondrite — Ordinary
Kushiike,37.05,138.38333,4460.0,1920.0,Other / Ungrouped
Kusiali,29.68333,78.38333,5.0,1860.0,Chondrite — Ordinary
Kutais,44.51667,39.3,23.0,1977.0,Chondrite — Ordinary
Kuttippuram,10.83333,76.03333,45000.0,1914.0,Chondrite — Ordinary
Kuznetzovo,55.2,75.33333,4047.0,1932.0,Chondrite — Ordinary
Kyushu,32.03333,130.63333,45000.0,1886.0,Chondrite — Ordinary
La Bécasse,47.08333,1.75,2800.0,1879.0,Chondrite — Ordinary
La Charca,20.66667,-101.28333,399.0,1878.0,Other / Ungrouped
La Colina,-37.33333,-61.53333,2000.0,1924.0,Chondrite — Ordinary
La Criolla,-31.23333,-58.16667,45000.0,1985.0,Chondrite — Ordinary
Laborel,44.28333,5.58333,3833.0,1871.0,Chondrite — Ordinary
Lahrauli,26.78333,82.71667,900.0,1955.0,Achondrite — Primitive/Other
L'Aigle,48.76667,0.63333,37000.0,1803.0,Chondrite — Ordinary
Lakangaon,21.86667,76.03333,212.5,1910.0,Achondrite — HED
Lalitpur,24.45,78.56667,372.0,1887.0,Chondrite — Ordinary
Lancé,47.7,1.06667,51700.0,1872.0,Chondrite — Carbonaceous
Lancon,43.75,5.11667,7000.0,1897.0,Chondrite — Ordinary
Långhalsen,58.85,16.73333,2300.0,1947.0,Chondrite — Ordinary
Lanxi,46.24167,126.19611,1282.0,1986.0,Chondrite — Ordinary
Lanzenkirchen,47.75,16.23333,7000.0,1925.0,Chondrite — Ordinary
Laochenzhen,33.13333,115.16667,14250.0,1987.0,Chondrite — Ordinary
Launton,51.9,-1.11667,1060.0,1830.0,Chondrite — Ordinary
Lavrentievka,52.45,51.56667,800.0,1938.0,Chondrite — Ordinary
Le Pressoir,47.16667,0.43333,3000.0,1845.0,Chondrite — Ordinary
Le Teilleul,48.53333,-0.86667,780.0,1845.0,Achondrite — HED
Leedey,35.88333,-99.33333,51500.0,1943.0,Chondrite — Ordinary
Leeuwfontein,-25.66667,28.36667,460.0,1912.0,Chondrite — Ordinary
Leighlinbridge,52.66667,-6.96667,271.4,1999.0,Chondrite — Ordinary
Leighton,34.58333,-87.5,877.0,1907.0,Chondrite — Ordinary
Leonovka,52.26667,32.85,700.0,1900.0,Chondrite — Ordinary
Les Ormes,48.35,3.25,125.0,1857.0,Chondrite — Ordinary
Lesves,50.36667,4.73333,2000.0,1896.0,Chondrite — Ordinary
Lichtenberg,-26.15,26.18333,4000.0,1973.0,Chondrite — Ordinary
Lillaverke,56.65,15.86667,6862.0,1930.0,Chondrite — Ordinary
Limerick,52.56667,-8.78333,50000.0,1813.0,Chondrite — Ordinary
Linum,52.75,12.9,1862.0,1854.0,Chondrite — Ordinary
Lishui,31.63333,118.98333,498.0,1978.0,Chondrite — Ordinary
Lissa,50.2,14.85,12800.0,1808.0,Chondrite — Ordinary
Little Piney,37.91667,-92.08333,491.0,1839.0,Chondrite — Ordinary
Lixna,56.0,26.43333,5213.0,1820.0,Chondrite — Ordinary
Lodran,29.53333,71.8,1000.0,1868.0,Achondrite — Primitive/Other
Lohawat,26.96556,72.62667,40000.0,1994.0,Achondrite — HED
Lorton,38.70066,-77.21163,329.7,2010.0,Chondrite — Ordinary
Los Martinez,38.0,-0.83333,25.0,1894.0,Chondrite — Ordinary
Lost City,36.00833,-95.15,17000.0,1970.0,Chondrite — Ordinary
Louisville,38.25,-85.75,1300.0,1977.0,Chondrite — Ordinary
Łowicz,52.0,19.91667,59000.0,1935.0,Stony-iron
Lua,24.95,75.15,9241.0,1926.0,Chondrite — Ordinary
Lucé,47.85,0.48333,3500.0,1768.0,Chondrite — Ordinary
Lumpkin,32.03333,-84.76667,340.0,1869.0,Chondrite — Ordinary
Lunan,24.8,103.3,2520.0,1980.0,Chondrite — Ordinary
Lundsgård,56.21667,13.03333,11000.0,1889.0,Chondrite — Ordinary
Luotolax,61.2,27.7,885.0,1813.0,Achondrite — HED
Luponnas,46.21667,5.0,14000.0,1753.0,Chondrite — Ordinary
Lusaka,-7.21667,29.43333,,1951.0,Unknown
Mabwe-Khoywa,19.0,97.0,540.0,1937.0,Chondrite — Ordinary
Macau,-5.2,-36.66667,1500.0,1836.0,Chondrite — Ordinary
Machinga,-15.21222,35.24222,93200.0,1981.0,Chondrite — Ordinary
Macibini,-28.83333,31.95,1995.0,1936.0,Achondrite — HED
Madhipura,25.91667,86.36667,1000.0,1950.0,Chondrite — Ordinary
Madiun,-7.75,111.53333,400.0,1935.0,Chondrite — Ordinary
Madrid,40.41667,-3.71667,400.0,1896.0,Chondrite — Ordinary
Mafra,-26.16667,-49.93333,600.0,1941.0,Chondrite — Ordinary
Magnesia,37.86667,27.51667,5000.0,1899.0,Iron meteorite
Magombedze,-19.48333,31.65,666.6,1990.0,Chondrite — Ordinary
Mahadevpur,27.66667,95.78333,70500.0,2007.0,Chondrite — Ordinary
Maigatari-Danduma,12.83333,9.38333,4629.0,2004.0,Chondrite — Ordinary
Malaga,32.21667,-104.0,150.0,1933.0,Other / Ungrouped
Malakal,9.5,31.75,2000.0,1970.0,Chondrite — Ordinary
Malampaka,-3.13333,33.51667,470.0,1930.0,Chondrite — Ordinary
Malotas,-28.93333,-63.23333,,1931.0,Chondrite — Ordinary
Malvern,-29.45,26.76667,807.0,1933.0,Achondrite — HED
Mamra Springs,45.21667,62.08333,1000.0,1927.0,Chondrite — Ordinary
Manbhoom,23.05,86.7,1700.0,1863.0,Chondrite — Ordinary
Manegaon,20.96667,76.1,50.0,1843.0,Achondrite — HED
Mangwendi,-17.65,31.6,22300.0,1934.0,Chondrite — Ordinary
Manych,45.81667,44.63333,3555.0,1951.0,Chondrite — Ordinary
Mardan,34.23333,72.08333,4500.0,1948.0,Chondrite — Ordinary
Mariaville,42.71667,-99.38333,340.0,1898.0,Iron meteorite
Maribo,54.76183,11.46745,25.81,2009.0,Chondrite — Carbonaceous
Maridi,4.66667,29.25,3200.0,1941.0,Chondrite — Ordinary
Marilia,-22.25,-49.93333,2500.0,1971.0,Chondrite — Ordinary
Marion (Iowa),41.9,-91.6,28400.0,1847.0,Chondrite — Ordinary
Marjalahti,61.5,30.5,45000.0,1902.0,Stony-iron
Marmande,44.5,0.15,3000.0,1848.0,Chondrite — Ordinary
Maromandia,-14.2,48.1,6000.0,2002.0,Chondrite — Ordinary
Maryville,35.8,-84.1,1443.0,1983.0,Chondrite — Ordinary
Mascombes,45.36667,1.86667,1000.0,1836.0,Chondrite — Ordinary
Mason Gully,0.0,0.0,24.54,2010.0,Chondrite — Ordinary
Mässing,48.13333,12.61667,1600.0,1803.0,Achondrite — HED
Mauerkirchen,48.18333,13.13333,19000.0,1768.0,Chondrite — Ordinary
Mauritius,-20.0,57.0,220.0,1801.0,Chondrite — Ordinary
Mayo Belwa,8.96667,12.08333,4850.0,1974.0,Achondrite — Primitive/Other
Mazapil,24.68333,-101.68333,4000.0,1885.0,Iron meteorite
Maziba,-1.21667,30.0,4975.0,1942.0,Chondrite — Ordinary
Mbale,1.06667,34.16667,150000.0,1992.0,Chondrite — Ordinary
Medanitos,-27.25,-67.5,31.0,1953.0,Achondrite — HED
Meerut,29.01667,77.8,22.0,1861.0,Chondrite — Ordinary
Meester-Cornelis,-6.23333,106.88333,24750.0,1915.0,Chondrite — Ordinary
Menow,53.18333,13.15,10500.0,1862.0,Chondrite — Ordinary
Menziswyl,46.81867,7.21817,28.9,1903.0,Chondrite — Ordinary
Mern,55.05,12.06667,4000.0,1878.0,Chondrite — Ordinary
Meru,0.0,37.66667,6000.0,1945.0,Chondrite — Ordinary
Merua,25.48333,81.98333,71400.0,1920.0,Chondrite — Ordinary
Messina,38.18333,15.56667,2405.0,1955.0,Chondrite — Ordinary
Meuselbach,50.58333,11.1,870.0,1897.0,Chondrite — Ordinary
Mezel,45.76667,3.25,1300.0,1949.0,Chondrite — Ordinary
Mezö-Madaras,46.5,25.73333,22700.0,1852.0,Chondrite — Ordinary
Mhow,25.9,83.61667,350.0,1827.0,Chondrite — Ordinary
Mianchi,34.8,111.7,1100.0,1980.0,Chondrite — Ordinary
Middlesbrough,54.56667,-1.16667,1600.0,1881.0,Chondrite — Ordinary
Mifflin,42.9075,-90.36556,3584.0,2010.0,Chondrite — Ordinary
Mighei,48.06667,30.96667,8000.0,1889.0,Chondrite — Carbonaceous
Mihonoseki,35.56833,133.22,6380.0,1992.0,Chondrite — Ordinary
Mike,46.23333,17.53333,224.2,1944.0,Chondrite — Ordinary
Milena,46.18333,16.1,10000.0,1842.0,Chondrite — Ordinary
Millbillillie,-26.45,120.36667,330000.0,1960.0,Achondrite — HED
Miller (Arkansas),35.4,-92.05,16700.0,1930.0,Chondrite — Ordinary
Minamino,35.07833,136.93333,1040.0,1632.0,Chondrite — Ordinary
Mineo,37.28333,14.7,42.0,1826.0,Stony-iron
Min-Fan-Zhun,32.33333,120.66667,5500.0,1952.0,Chondrite — Ordinary
Minnichhof,47.7,16.6,550.0,1905.0,Other / Ungrouped
Mirzapur,25.68333,83.25,8510.0,1910.0,Chondrite — Ordinary
Misshof,56.66667,23.0,5800.0,1890.0,Chondrite — Ordinary
Mjelleim,61.73333,5.93333,100.7,1898.0,Chondrite — Ordinary
Mocs,46.8,24.03333,300000.0,1882.0,Chondrite — Ordinary
Modoc (1905),38.5,-101.1,35000.0,1905.0,Chondrite — Ordinary
Mokoia,-39.63333,174.4,4500.0,1908.0,Chondrite — Carbonaceous
Molina,38.11667,-1.16667,144000.0,1858.0,Chondrite — Ordinary
Molteno,-31.25,26.46667,150.0,1953.0,Achondrite — HED
Monahans (1998),31.60833,-102.85833,2587.0,1998.0,Chondrite — Ordinary
Monroe,35.25,-80.5,8600.0,1849.0,Chondrite — Ordinary
Monte das Fortes,38.01667,-8.25,4885.0,1950.0,Chondrite — Ordinary
Monte Milone,43.26667,13.35,3130.0,1846.0,Chondrite — Ordinary
Montferré,43.39056,1.9625,149000.0,1923.0,Chondrite — Ordinary
Montlivault,47.63333,1.58333,500.0,1838.0,Chondrite — Ordinary
Monze,-15.96667,27.35,,1950.0,Chondrite — Ordinary
Moore County,35.41667,-79.38333,1880.0,1913.0,Achondrite — HED
Mooresfort,52.45,-8.33333,3520.0,1810.0,Chondrite — Ordinary
Moorleah,-40.975,145.6,8887.5,1930.0,Chondrite — Ordinary
Moradabad,28.78333,78.83333,70.0,1808.0,Chondrite — Ordinary
Morávka,49.6,18.53333,633.0,2000.0,Chondrite — Ordinary
Mornans,44.6,5.13333,1300.0,1875.0,Chondrite — Ordinary
Moss,59.43333,10.7,3763.0,2006.0,Chondrite — Carbonaceous
Moti-ka-nagla,26.83333,77.33333,1500.0,1868.0,Chondrite — Ordinary
Motta di Conti,45.2,8.5,9150.0,1868.0,Chondrite — Ordinary
Mount Browne,-29.8,141.7,11300.0,1902.0,Chondrite — Ordinary
Mount Tazerzait,18.7,4.8,110000.0,1991.0,Chondrite — Ordinary
Mount Vaisi,44.08333,6.86667,17000.0,1637.0,Other / Ungrouped
Mtola,-11.5,33.5,1100.0,1944.0,Other / Ungrouped
Muddoor,12.63333,77.01667,4400.0,1865.0,Chondrite — Ordinary
Mulletiwu,9.33333,80.83333,25.5,1795.0,Chondrite — Ordinary
Muraid,24.5,90.21667,4703.0,1924.0,Chondrite — Ordinary
Murchison,-36.61667,145.2,100000.0,1969.0,Chondrite — Carbonaceous
Murray,36.6,-88.1,12600.0,1950.0,Chondrite — Carbonaceous
Muzaffarpur,26.13333,85.53333,1245.0,1964.0,Iron meteorite
Myhee Caunta,23.05,72.63333,,1842.0,Other / Ungrouped
Nadiabondi,12.0,1.0,8165.0,1956.0,Chondrite — Ordinary
Nagai,38.12167,140.06167,1810.0,1922.0,Chondrite — Ordinary
Nagaria,26.98333,78.21667,20.0,1875.0,Achondrite — HED
Nagy-Borové,49.16667,19.5,6100.0,1895.0,Chondrite — Ordinary
Nakhla,31.31667,30.35,10000.0,1911.0,Achondrite — Martian
Nakhon Pathom,13.73333,100.08333,23200.0,1923.0,Chondrite — Ordinary
Nammianthal,12.28333,79.2,4500.0,1886.0,Chondrite — Ordinary
Nan Yang Pao,35.66667,103.5,52900.0,1917.0,Chondrite — Ordinary
Nanjemoy,38.41667,-77.16667,7500.0,1825.0,Chondrite — Ordinary
Nantong,32.11667,121.8,529.0,1984.0,Chondrite — Ordinary
Naoki,19.25,77.0,17000.0,1928.0,Chondrite — Ordinary
Naragh,33.75,51.5,2700.0,1974.0,Chondrite — Ordinary
Narellan,-34.05,150.68889,367.5,1928.0,Chondrite — Ordinary
Narni,42.51667,12.51667,,920.0,Other / Ungrouped
Nassirah,-21.73333,165.9,347.0,1936.0,Chondrite — Ordinary
Nawapali,21.25,83.66667,105.0,1890.0,Chondrite — Carbonaceous
Neagari,36.44917,136.46528,420.0,1995.0,Chondrite — Ordinary
Nedagolla,18.68333,83.48333,4500.0,1870.0,Iron meteorite
Nejo,9.5,35.33333,2450.0,1970.0,Chondrite — Ordinary
Nerft,56.5,21.5,10250.0,1864.0,Chondrite — Ordinary
Neuschwanstein,47.525,10.80833,6189.0,2002.0,Chondrite — Enstatite
New Concord,40.0,-81.76667,230000.0,1860.0,Chondrite — Ordinary
New Halfa,15.36667,35.68333,12000.0,1994.0,Chondrite — Ordinary
New Orleans,29.94718,-90.10976,19256.0,2003.0,Chondrite — Ordinary
Ngawi,-7.45,111.41667,1393.0,1883.0,Chondrite — Ordinary
N'Goureyma,13.85,-4.38333,37500.0,1900.0,Iron meteorite
Nicorps,49.03333,-1.43333,,1750.0,Other / Ungrouped
Nikolaevka,52.45,78.63333,3996.0,1935.0,Chondrite — Ordinary
Nikolskoe,56.11667,37.33333,6000.0,1954.0,Chondrite — Ordinary
Ningbo,29.86667,121.48333,14250.0,1975.0,Iron meteorite
Ningqiang,32.925,105.90667,4610.0,1983.0,Chondrite — Carbonaceous
Nio,34.2,131.56667,467.0,1897.0,Chondrite — Ordinary
N'Kandhla,-28.56667,30.7,17200.0,1912.0,Iron meteorite
Nobleborough,44.08333,-69.48333,2300.0,1823.0,Achondrite — HED
Noblesville,40.08528,-86.055,483.7,1991.0,Chondrite — Ordinary
Nogata,33.725,130.75,472.0,860.0,Chondrite — Ordinary
Nogoya,-32.36667,-59.83333,4000.0,1879.0,Chondrite — Carbonaceous
Norfork,36.21667,-92.26667,1050.0,1918.0,Iron meteorite
Norton County,39.68333,-99.86667,1100000.0,1948.0,Achondrite — Primitive/Other
Noventa Vicentina,45.29167,11.52722,177.0,1971.0,Chondrite — Ordinary
Novo-Urei,54.81667,46.0,1900.0,1886.0,Achondrite — Primitive/Other
Novy-Ergi,58.55,31.33333,,1662.0,Other / Ungrouped
Novy-Projekt,56.0,22.0,1001.0,1908.0,Other / Ungrouped
Noyan-Bogdo,42.91667,102.46667,250.0,1933.0,Chondrite — Ordinary
Nuevo Mercurio,24.3,-102.13333,50000.0,1978.0,Chondrite — Ordinary
Nulles,41.63333,0.75,5000.0,1851.0,Chondrite — Ordinary
Numakai,43.33333,141.86667,363.0,1925.0,Chondrite — Ordinary
Nyaung,21.20833,94.91667,737.6,1939.0,Iron meteorite
Nyirábrany,47.55,22.025,1100.0,1914.0,Chondrite — Ordinary
Ochansk,57.78333,55.26667,500000.0,1887.0,Chondrite — Ordinary
Oesede,52.28333,8.05,1400.0,1927.0,Chondrite — Ordinary
Oesel,58.5,23.0,6000.0,1855.0,Chondrite — Ordinary
Ofehértó,47.88333,22.03333,3750.0,1900.0,Chondrite — Ordinary
Ogi,33.28333,130.2,14360.0,1741.0,Chondrite — Ordinary
Ohaba,46.06667,23.58333,16250.0,1857.0,Chondrite — Ordinary
Ohuma,6.75,8.5,7700.0,1963.0,Chondrite — Ordinary
Ojuelos Altos,38.18333,-5.4,5850.0,1926.0,Chondrite — Ordinary
Okabe,36.18333,139.21667,194.0,1958.0,Chondrite — Ordinary
Okano,35.08333,135.2,4742.0,1904.0,Iron meteorite
Okniny,50.83333,25.5,12000.0,1834.0,Chondrite — Ordinary
Oldenburg (1930),52.95,8.16667,16570.0,1930.0,Chondrite — Ordinary
Oliva-Gandia,39.0,-0.03333,,1519.0,Other / Ungrouped
Olivenza,38.71667,-7.06667,150000.0,1924.0,Chondrite — Ordinary
Olmedilla de Alarcón,39.56667,-2.1,40000.0,1929.0,Chondrite — Ordinary
Omolon,64.02,161.80833,250000.0,1981.0,Stony-iron
Orgueil,43.88333,1.38333,14000.0,1864.0,Chondrite — Carbonaceous
Orlando,28.5475,-81.36222,180.0,2004.0,Achondrite — HED
Ornans,47.11667,6.15,6000.0,1868.0,Chondrite — Carbonaceous
Ortenau,48.5,8.0,4500.0,1671.0,Other / Ungrouped
Orvinio,42.13333,12.93333,3400.0,1872.0,Chondrite — Ordinary
Oterøy,58.88333,9.4,246.0,1928.0,Chondrite — Ordinary
Otomi,38.4,140.35,6510.0,1867.0,Chondrite — Ordinary
Ottawa,38.6,-95.21667,840.0,1896.0,Chondrite — Ordinary
Ouadangou,12.9,0.08,4440.0,2003.0,Chondrite — Ordinary
Oued el Hadjar,30.18,-6.57717,1215.5,1986.0,Chondrite — Ordinary
Oum Dreyga,24.3,-13.1,17000.0,2003.0,Chondrite — Ordinary
Ourique,37.60833,-8.28,20000.0,1998.0,Chondrite — Ordinary
Ovambo,-18.0,16.0,121.5,1900.0,Chondrite — Ordinary
Oviedo,43.4,-5.86667,205.0,1856.0,Chondrite — Ordinary
Owrucz,51.33333,28.83333,,1775.0,Other / Ungrouped
Pacula,21.05,-99.3,3400.0,1881.0,Chondrite — Ordinary
Padvarninkai,55.66667,25.0,3858.0,1929.0,Achondrite — HED
Paitan,17.74333,120.45583,515.0,1910.0,Chondrite — Ordinary
Palahatchie,32.31667,-89.71667,,1910.0,Other / Ungrouped
Palca de Aparzo,-23.11667,-65.1,1430.0,1988.0,Chondrite — Ordinary
Palinshih,43.48333,118.61667,18000.0,1914.0,Iron meteorite
Palmyra,39.8,-91.5,135.0,1926.0,Chondrite — Ordinary
Palolo Valley,21.3,-157.78333,682.0,1949.0,Chondrite — Ordinary
Pampanga,15.08333,120.7,10500.0,1859.0,Chondrite — Ordinary
Pantar,8.06667,124.28333,2130.0,1938.0,Chondrite — Ordinary
Paragould,36.06667,-90.5,408000.0,1930.0,Chondrite — Ordinary
Parambu,-6.23333,-40.7,2000.0,1967.0,Chondrite — Ordinary
Paranaiba,-19.13333,-51.66667,100000.0,1956.0,Chondrite — Ordinary
Park Forest,41.48472,-87.67917,18000.0,2003.0,Chondrite — Ordinary
Parnallee,9.23333,78.35,77600.0,1857.0,Chondrite — Ordinary
Parsa,26.2,85.4,800.0,1942.0,Chondrite — Enstatite
Pasamonte,36.21667,-103.4,5100.0,1933.0,Achondrite — HED
Patora,20.93694,82.05,4375.0,1969.0,Chondrite — Ordinary
Patrimonio,-19.53333,-48.56667,2121.0,1950.0,Chondrite — Ordinary
Patti,38.13333,14.96667,12.0,1922.0,Iron meteorite
Patwar,23.15,91.18333,37350.0,1935.0,Stony-iron
Pavel,43.46667,25.51667,2968.0,1966.0,Chondrite — Ordinary
Pavlodar (stone),52.3,77.03333,142.5,1938.0,Chondrite — Ordinary
Pavlograd,48.53333,35.98333,40000.0,1826.0,Chondrite — Ordinary
Pavlovka,52.03333,43.0,2000.0,1882.0,Achondrite — HED
Pê,11.33367,-3.54217,,1989.0,Chondrite — Ordinary
Peace River,56.13333,-117.93333,45760.0,1963.0,Chondrite — Ordinary
Peckelsheim,51.66667,9.25,117.8,1953.0,Achondrite — HED
Peekskill,41.28333,-73.91667,12570.0,1992.0,Chondrite — Ordinary
Peña Blanca Spring,30.125,-103.11667,70000.0,1946.0,Achondrite — Primitive/Other
Peramiho,-10.66667,35.5,165.0,1899.0,Achondrite — HED
Perpeti,23.325,91.0,23474.0,1935.0,Chondrite — Ordinary
Perth,56.4,-3.43333,2.0,1830.0,Chondrite — Ordinary
Pervomaisky,56.63333,39.43333,66000.0,1933.0,Chondrite — Ordinary
Pesyanoe,55.5,66.08333,3393.0,1933.0,Achondrite — Primitive/Other
Pétèlkolé,14.052,0.42,189.0,1995.0,Chondrite — Ordinary
Petersburg,35.3,-86.63333,1800.0,1855.0,Achondrite — HED
Pettiswood,53.53333,-7.33333,,1779.0,Other / Ungrouped
Phillips County (stone),40.0,-99.25,57900.0,1901.0,Chondrite — Ordinary
Phu Hong,11.25,108.58333,500.0,1887.0,Chondrite — Ordinary
Phum Sambo,12.0,105.48333,7800.0,1933.0,Chondrite — Ordinary
Phuoc-Binh,15.71667,108.1,11000.0,1941.0,Chondrite — Ordinary
Piancaldoli,44.24417,11.50222,13.1,1968.0,Chondrite — Ordinary
Picote,41.36667,-6.23333,,1843.0,Other / Ungrouped
Pillistfer,58.66667,25.73333,23250.0,1863.0,Chondrite — Enstatite
Piplia Kalan,26.03472,73.94167,42000.0,1996.0,Achondrite — HED
Piquetberg,-32.86667,18.71667,37.0,1881.0,Chondrite — Ordinary
Pirgunje,25.8,88.45,842.0,1882.0,Chondrite — Ordinary
Pirthalla,29.58333,76.0,1161.0,1884.0,Chondrite — Ordinary
Pitts,31.95,-83.51667,3760.0,1921.0,Iron meteorite
Plantersville,30.7,-96.11667,2085.0,1930.0,Chondrite — Ordinary
Pleşcoi,45.275,26.70972,6913.0,2008.0,Chondrite — Ordinary
Ploschkovitz,50.53333,14.11667,39.0,1723.0,Chondrite — Ordinary
Pnompehn,11.58333,104.91667,96.0,1868.0,Chondrite — Ordinary
Pohlitz,50.93333,12.13333,3000.0,1819.0,Chondrite — Ordinary
Pokhra,26.71667,82.66667,350.0,1866.0,Chondrite — Ordinary
Pollen,66.34833,14.015,253.6,1942.0,Chondrite — Carbonaceous
Pontlyfni,53.03639,-4.31944,157.0,1931.0,Achondrite — Primitive/Other
Portales Valley,34.175,-103.295,71400.0,1998.0,Chondrite — Ordinary
Portugal,38.5,-8.0,4500.0,1796.0,Other / Ungrouped
Po-wang Chen,31.41667,118.5,665.0,1933.0,Chondrite — Ordinary
Prambachkirchen,48.3025,13.94083,2125.0,1932.0,Chondrite — Ordinary
Pribram,49.66667,14.03333,5555.0,1959.0,Chondrite — Ordinary
Pricetown,39.11667,-83.85,900.0,1893.0,Chondrite — Ordinary
Puerto Lápice,39.35,-3.51667,500.0,2007.0,Achondrite — HED
Pulsora,23.36667,75.18333,560.0,1863.0,Chondrite — Ordinary
Pultusk,52.76667,21.26667,250000.0,1868.0,Chondrite — Ordinary
Punganaru,13.33333,78.95,100.0,1811.0,Other / Ungrouped
Putinga,-29.03333,-53.05,300000.0,1937.0,Chondrite — Ordinary
Qidong,32.08333,121.5,1275.0,1982.0,Chondrite — Ordinary
Qingzhen,26.53333,106.46667,2600.0,1976.0,Chondrite — Enstatite
Queen's Mercy,-30.11667,28.7,7000.0,1925.0,Chondrite — Ordinary
Quenggouk,17.76667,95.18333,6045.0,1857.0,Chondrite — Ordinary
Quesa,39.0,-0.66667,10750.0,1898.0,Iron meteorite
Quija,44.61667,126.13333,17450.0,1990.0,Chondrite — Ordinary
Quincay,46.6,0.25,65.0,1851.0,Chondrite — Ordinary
Raco,-26.66667,-65.45,5000.0,1957.0,Chondrite — Ordinary
Raghunathpura,27.72528,76.465,10200.0,1986.0,Iron meteorite
Rahimyar Khan,28.225,70.2,67225.0,1983.0,Chondrite — Ordinary
Rakovka,52.98333,37.03333,9000.0,1878.0,Chondrite — Ordinary
Ramnagar,26.45,82.9,3766.0,1940.0,Chondrite — Ordinary
Rampurhat,24.16667,87.76667,100.0,1916.0,Chondrite — Ordinary
Ramsdorf,51.88333,6.93333,4682.0,1958.0,Chondrite — Ordinary
Ranchapur,23.98333,87.08333,290.4,1917.0,Chondrite — Ordinary
Rancho de la Presa,19.86667,-100.81667,300.0,1899.0,Chondrite — Ordinary
Rangala,25.38333,72.01667,3224.5,1937.0,Chondrite — Ordinary
Raoyang,38.2,115.7,4910.0,1919.0,Chondrite — Ordinary
Ras Tanura,26.66667,50.15,6.1,1961.0,Chondrite — Ordinary
Rasgrad,43.5,26.53333,24700.0,1740.0,Other / Ungrouped
Ratyn,52.2,17.98333,910.0,1880.0,Other / Ungrouped
Red Canyon Lake,38.13742,-119.75812,18.41,2007.0,Chondrite — Ordinary
Reliegos,42.475,-5.33333,17300.0,1947.0,Chondrite — Ordinary
Rembang,-6.73333,111.36667,10000.0,1919.0,Iron meteorite
Renazzo,44.76667,11.28333,1000.0,1824.0,Chondrite — Carbonaceous
Renca,-32.75,-65.28333,300.0,1925.0,Chondrite — Ordinary
Renqiu,38.66667,116.13333,355.0,1916.0,Chondrite — Ordinary
Repeev Khutor,48.6,45.66667,7000.0,1933.0,Iron meteorite
Revelstoke,51.33333,-118.95,1.0,1965.0,Chondrite — Carbonaceous
Rewari,28.2,76.66667,3332.0,1929.0,Chondrite — Ordinary
Rich Mountain,35.03333,-83.03333,668.0,1903.0,Chondrite — Ordinary
Uzcudun,-44.11667,-66.15,20000.0,1948.0,Chondrite — Ordinary
Richardton,46.88333,-102.31667,90000.0,1918.0,Chondrite — Ordinary
Richland Springs,31.25,-99.03333,1900.0,1980.0,Other / Ungrouped
Richmond,37.46667,-77.5,1800.0,1828.0,Chondrite — Ordinary
Rio Negro,-26.1,-49.8,1310.0,1934.0,Chondrite — Ordinary
Rivolta de Bassi,45.48333,9.51667,103.3,1490.0,Other / Ungrouped
Rochester,41.08333,-86.28333,340.0,1876.0,Chondrite — Ordinary
Rockhampton,-23.38333,150.51667,1641.0,1895.0,Other / Ungrouped
Roda,42.3,0.55,400.0,1871.0,Achondrite — HED
Rodach,50.35,10.8,2900.0,1775.0,Other / Ungrouped
Rose City,44.51667,-83.95,10600.0,1921.0,Chondrite — Ordinary
Rowton,52.76667,-2.51667,3500.0,1876.0,Iron meteorite
Ruhobobo,-1.45,29.83333,465.5,1976.0,Chondrite — Ordinary
Rumuruti,0.26667,36.53333,67.0,1934.0,Chondrite — Rumuruti (R)
Rupota,-10.26667,38.76667,6000.0,1949.0,Chondrite — Ordinary
Ryechki,51.13333,34.5,13000.0,1914.0,Chondrite — Ordinary
Sabetmahet,27.43333,82.08333,1250.0,1855.0,Chondrite — Ordinary
Sabrum,23.08333,91.66667,478.0,1999.0,Chondrite — Ordinary
Sagan,51.53333,14.88333,,1636.0,Other / Ungrouped
Saint-Sauveur,43.73333,1.38333,14000.0,1914.0,Chondrite — Enstatite
Saint-Séverin,45.3,0.23333,271000.0,1966.0,Chondrite — Ordinary
Sakauchi,35.66667,136.3,4180.0,1913.0,Iron meteorite
Salem,44.97917,-122.96944,61.4,1981.0,Chondrite — Ordinary
Salles,46.05,4.63333,9000.0,1798.0,Chondrite — Ordinary
Salzwedel,52.75,11.05,43.0,1985.0,Chondrite — Ordinary
Samelia,25.66667,74.86667,2462.0,1921.0,Iron meteorite
San Juan Capistrano,33.48472,-117.6625,56.0,1973.0,Chondrite — Ordinary
San Michele,43.66667,13.0,237.0,2002.0,Chondrite — Ordinary
San Pedro de Quiles,-31.01667,-71.4,282.0,1956.0,Chondrite — Ordinary
San Pedro Jacuaro,19.76667,-100.65,460.0,1968.0,Chondrite — Ordinary
Santa Barbara,-29.2,-51.86667,400.0,1873.0,Chondrite — Ordinary
Santa Cruz,24.16667,-99.33333,60.0,1939.0,Chondrite — Carbonaceous
Santa Isabel,-33.9,-61.7,5500.0,1924.0,Chondrite — Ordinary
Santa Lucia (2008),-31.535556,-68.489444,4000.0,2008.0,Chondrite — Ordinary
São Jose do Rio Preto,-20.81,-49.38056,927.0,1962.0,Chondrite — Ordinary
Saratov,52.55,46.55,200000.0,1918.0,Chondrite — Ordinary
Sasagase,34.71667,137.78333,695.0,1688.0,Chondrite — Ordinary
Sauguis,43.15,-0.85,4000.0,1868.0,Chondrite — Ordinary
Savtschenskoje,47.21667,29.86667,2500.0,1894.0,Chondrite — Ordinary
Sayama,35.86667,139.4,430.0,1986.0,Chondrite — Carbonaceous
Sazovice,49.23333,17.56667,412.0,1934.0,Chondrite — Ordinary
Schellin,53.35,15.05,7000.0,1715.0,Chondrite — Ordinary
Schenectady,42.86083,-73.95028,283.3,1968.0,Chondrite — Ordinary
Schönenberg,48.11667,10.46667,8000.0,1846.0,Chondrite — Ordinary
Searsmont,44.36667,-69.2,5400.0,1871.0,Chondrite — Ordinary
Sediköy,38.3,27.13333,240.0,1917.0,Chondrite — Ordinary
Segowlie,26.75,84.78333,6930.0,1853.0,Chondrite — Ordinary
Selakopi,-7.23333,107.33333,1590.0,1939.0,Chondrite — Ordinary
Seldebourak,22.83333,4.98333,150.0,1947.0,Chondrite — Ordinary
Semarkona,22.25,79.0,691.0,1940.0,Chondrite — Ordinary
Sena,41.71667,-0.05,4000.0,1773.0,Chondrite — Ordinary
Senboku,39.43833,140.51167,866.0,1993.0,Chondrite — Ordinary
Seoni,21.68389,79.50083,20000.0,1966.0,Chondrite — Ordinary
Seres,41.05,23.56667,8500.0,1818.0,Chondrite — Ordinary
Serra de Magé,-8.38333,-36.76667,1800.0,1923.0,Achondrite — HED
Sete Lagoas,-19.46667,-44.21667,350.0,1908.0,Chondrite — Ordinary
Sevilla,37.41667,-6.0,180.0,1862.0,Chondrite — Ordinary
Sevrukovo,50.61667,36.6,101000.0,1874.0,Chondrite — Ordinary
Sfax,34.75,10.71667,7000.0,1989.0,Chondrite — Ordinary
Shalka,23.1,87.3,4000.0,1850.0,Achondrite — HED
Sharps,37.83333,-76.7,1265.0,1921.0,Chondrite — Ordinary
Shelburne,44.05,-80.16667,18600.0,1904.0,Chondrite — Ordinary
Shergotty,24.55,84.83333,5000.0,1865.0,Achondrite — Martian
Sheyang,33.65,120.06667,605.0,1976.0,Chondrite — Ordinary
Shikarpur,25.85,87.5775,3679.7,1921.0,Chondrite — Ordinary
Shuangyang,43.5,125.66667,3900.0,1971.0,Chondrite — Ordinary
Shupiyan,33.71667,74.83333,5000.0,1912.0,Chondrite — Ordinary
Shytal,24.33333,90.16667,3200.0,1863.0,Chondrite — Ordinary
Siena,43.11667,11.6,3700.0,1794.0,Chondrite — Ordinary
Sikhote-Alin,46.16,134.65333,23000000.0,1947.0,Iron meteorite
Silao,20.93333,-101.38333,1710.0,1995.0,Chondrite — Ordinary
Silistra,44.11667,27.26667,0.15,1917.0,Chondrite — Other
Simmern,49.98333,7.53333,1222.0,1920.0,Chondrite — Ordinary
Sinai,30.9,32.48333,1455.0,1916.0,Chondrite — Ordinary
Sindhri,26.21667,69.55,8400.0,1901.0,Chondrite — Ordinary
Sinnai,39.3,9.2,2000.0,1956.0,Chondrite — Ordinary
Sioux County,42.58333,-103.66667,4100.0,1933.0,Achondrite — HED
Sitathali,20.91667,82.58333,1600.0,1875.0,Chondrite — Ordinary
Sivas,39.82467,36.13583,40000.0,1989.0,Chondrite — Ordinary
Sixiangkou,32.43333,119.86667,630.0,1989.0,Chondrite — Ordinary
Ski,59.73333,10.86667,850.0,1848.0,Chondrite — Ordinary
Slavetic,45.68333,15.6,1708.0,1868.0,Chondrite — Ordinary
Slobodka,55.0,35.0,2750.0,1818.0,Chondrite — Ordinary
Soheria,27.13333,84.06667,72.9,1960.0,Other / Ungrouped
Soko-Banja,43.66667,21.86667,80000.0,1877.0,Chondrite — Ordinary
Sologne,47.36667,1.73333,54.0,1860.0,Chondrite — Ordinary
Sołtmany,54.00883,22.005,1066.0,2011.0,Chondrite — Ordinary
Sone,35.16667,135.33333,17100.0,1866.0,Chondrite — Ordinary
Songyuan,45.25,125.0,36900.0,1993.0,Chondrite — Ordinary
Sopot,44.41667,23.5,958.0,1927.0,Other / Ungrouped
Soroti,1.7,33.63333,2050.0,1945.0,Iron meteorite
St. Caprais-de-Quinsac,44.75,0.05,360.0,1883.0,Chondrite — Ordinary
St. Christophe-la-Chartreuse,46.95,-1.5,5500.0,1841.0,Chondrite — Ordinary
St. Denis Westrem,51.05,3.75,700.0,1855.0,Chondrite — Ordinary
St. Germain-du-Pinel,48.01667,-1.15,4000.0,1890.0,Chondrite — Ordinary
St. Louis,38.7,-90.23333,1000.0,1950.0,Chondrite — Ordinary
St. Mark's,-32.01667,27.41667,13780.0,1903.0,Chondrite — Enstatite
St. Mary's County,38.16667,-76.38333,24.3,1919.0,Chondrite — Ordinary
St. Mesmin,48.45,3.93333,8300.0,1866.0,Chondrite — Ordinary
St. Michel,61.65,27.2,17000.0,1910.0,Chondrite — Ordinary
St.-Chinian,43.43333,2.95,134.3,1959.0,Chondrite — Ordinary
Ställdalen,59.93333,14.95,34000.0,1876.0,Chondrite — Ordinary
Stannern,49.28333,15.56667,52000.0,1808.0,Achondrite — HED
Stavropol,45.05,41.98333,1500.0,1857.0,Chondrite — Ordinary
Ste. Marguerite,50.76667,3.0,4960.0,1962.0,Chondrite — Ordinary
Sterlitamak,53.66667,55.98333,325000.0,1990.0,Iron meteorite
Stolzenau,52.53333,9.05,,1647.0,Other / Ungrouped
Stratford,41.2,-73.13333,50.0,1974.0,Chondrite — Ordinary
Strathmore,56.58333,-3.25,13400.0,1917.0,Chondrite — Ordinary
Stretchleigh,50.38333,-3.95,10400.0,1623.0,Other / Ungrouped
St-Robert,45.96861,-72.97806,25400.0,1994.0,Chondrite — Ordinary
Success,36.48333,-90.66667,3500.0,1924.0,Chondrite — Ordinary
Suchy Dul,50.53806,16.26333,815.3,1969.0,Chondrite — Ordinary
Suizhou,31.61667,113.46667,260000.0,1986.0,Chondrite — Ordinary
Sulagiri,12.66667,78.03333,110000.0,2008.0,Chondrite — Ordinary
Sultanpur,25.93333,84.28333,1710.5,1916.0,Chondrite — Ordinary
Sungach,44.86667,133.16667,637.0,1935.0,Chondrite — Ordinary
Supuhee,26.71667,84.21667,7235.0,1865.0,Chondrite — Ordinary
Sutter's Mill,38.80389,-120.90806,992.5,2012.0,Chondrite — Carbonaceous
Sylacauga,33.18836,-86.2945,5560.0,1954.0,Chondrite — Ordinary
Tabor,49.4,14.65,7540.0,1753.0,Chondrite — Ordinary
Tadjera,36.18333,5.41667,9000.0,1867.0,Chondrite — Ordinary
Tagish Lake,59.70444,-134.20139,10000.0,2000.0,Chondrite — Carbonaceous
Tahara,34.72,137.305,1000.0,1991.0,Chondrite — Ordinary
Takenouchi,35.38333,134.9,720.0,1880.0,Chondrite — Ordinary
Tambakwatu,-7.75,112.76667,10500.0,1975.0,Chondrite — Ordinary
Tamdakht,31.16333,-7.015,100000.0,2008.0,Chondrite — Ordinary
Tané,35.43333,136.23333,905.0,1918.0,Chondrite — Ordinary
Taonan,45.4,122.9,3850.0,1965.0,Chondrite — Ordinary
Tatahouine,32.95,10.41667,12000.0,1931.0,Achondrite — HED
Tathlith,19.38333,43.73333,2500.0,1967.0,Chondrite — Ordinary
Tauk,35.13333,44.45,6000.0,1929.0,Chondrite — Ordinary
Tauti,46.71667,23.5,21000.0,1937.0,Chondrite — Ordinary
Tenham,-25.73333,142.95,160000.0,1879.0,Chondrite — Ordinary
Tennasilm,58.03333,26.95,28500.0,1872.0,Chondrite — Ordinary
Thal,33.4,70.6,342.0,1950.0,Chondrite — Ordinary
Thika,-1.00278,37.15028,14200.0,2011.0,Chondrite — Ordinary
Thuathe,-29.33333,27.58333,45300.0,2002.0,Chondrite — Ordinary
Tianzhang,32.94667,118.99,2232.0,1986.0,Chondrite — Ordinary
Tieschitz,49.6,17.11667,28000.0,1878.0,Chondrite — Ordinary
Tilden,38.2,-89.68333,74800.0,1927.0,Chondrite — Ordinary
Tillaberi,14.25,1.53333,3000.0,1970.0,Chondrite — Ordinary
Timochin,54.5,35.2,65500.0,1807.0,Chondrite — Ordinary
Tirupati,13.63333,79.41667,230.0,1934.0,Chondrite — Ordinary
Tissint,29.48195,-7.61123,7000.0,2011.0,Achondrite — Martian
Tjabe,-7.08333,111.53333,20000.0,1869.0,Chondrite — Ordinary
Tjerebon,-6.66667,106.58333,16500.0,1922.0,Chondrite — Ordinary
Tomakovka,47.85,34.76667,600.0,1905.0,Chondrite — Ordinary
Tomatlan,20.16667,-105.21667,900.0,1879.0,Chondrite — Ordinary
Tomita,34.5,133.75,600.0,1916.0,Chondrite — Ordinary
Tomiya,38.36667,140.86556,27.5,1984.0,Chondrite — Ordinary
Tonk,24.65,76.86667,7.7,1911.0,Chondrite — Carbonaceous
Torino,45.06667,7.66667,977.0,1988.0,Chondrite — Ordinary
Torrington,42.06667,-104.16667,259.1,1944.0,Chondrite — Ordinary
Toulouse,43.6,1.4,1030.0,1812.0,Chondrite — Ordinary
Tounkin,51.73333,102.53333,2000.0,1824.0,Other / Ungrouped
Tourinnes-la-Grosse,50.78333,4.76667,14500.0,1863.0,Chondrite — Ordinary
Trebbin,52.21667,13.16667,1250.0,1988.0,Chondrite — Ordinary
Trenzano,45.46667,10.0,11800.0,1856.0,Chondrite — Ordinary
Treysa,50.91667,9.18333,63000.0,1916.0,Iron meteorite
Tromøy,58.47333,8.86667,357.4,1950.0,Chondrite — Ordinary
Troup,32.16667,-95.1,1020.0,1917.0,Chondrite — Ordinary
Trysil,61.3,12.3,640.0,1927.0,Chondrite — Ordinary
Tsukuba,36.06333,140.145,800.0,1996.0,Chondrite — Ordinary
Tuan Tuc,9.66667,105.66667,13100.0,1921.0,Chondrite — Ordinary
Tugalin-Bulen,45.46667,105.38333,10000.0,1967.0,Chondrite — Ordinary
Tulung Dzong,30.0,90.75,,1944.0,Other / Ungrouped
Turtle Lake,45.34583,-92.05167,89.3,1996.0,Chondrite — Ordinary
Tuxtuac,21.66667,-103.36667,30000.0,1975.0,Chondrite — Ordinary
Tysnes Island,60.0,5.61667,19860.0,1884.0,Chondrite — Ordinary
Tyumen,57.16667,65.53333,750.0,1903.0,Iron meteorite
Uberaba,-19.81667,-48.78333,40000.0,1903.0,Chondrite — Ordinary
Ucera,11.05,-69.85,4590.0,1970.0,Chondrite — Ordinary
Uchkuduk,41.76667,62.51667,1000.0,1989.0,Chondrite — Ordinary
Udei Station,7.95,8.08333,103000.0,1927.0,Iron meteorite
Uden,51.65,5.61667,710.0,1840.0,Chondrite — Ordinary
Udipi,13.48333,74.78333,3600.0,1866.0,Chondrite — Ordinary
Ufana,-4.26667,35.35,189.2,1957.0,Chondrite — Enstatite
Ulmiz,46.93333,7.21667,76.5,1926.0,Chondrite — Ordinary
Umbala,30.33333,76.33333,100.0,1822.0,Chondrite — Ordinary
Umm Ruaba,13.46667,31.21667,1700.0,1966.0,Chondrite — Ordinary
Undulung,66.13889,124.76667,113.4,1986.0,Chondrite — Ordinary
Unkoku,34.8,127.0,1000.0,1924.0,Other / Ungrouped
Urasaki,34.48333,133.28333,1500.0,1926.0,Other / Ungrouped
Usti Nad Orlici,49.975,16.375,1269.0,1963.0,Chondrite — Ordinary
Utrecht,52.11667,5.18333,9700.0,1843.0,Chondrite — Ordinary
Utzenstorf,47.11667,7.55,3422.0,1928.0,Chondrite — Ordinary
Vago,45.41667,11.13333,40.0,1668.0,Chondrite — Ordinary
Valdavur,11.98333,79.75,2799.0,1944.0,Chondrite — Ordinary
Valdinizza,44.86667,9.15,1004.0,1903.0,Chondrite — Ordinary
Valdinoce,44.06667,12.1,,1495.0,Other / Ungrouped
Valera,9.31667,-70.62833,50000.0,1972.0,Chondrite — Ordinary
Varre-Sai,-20.85001,-41.73356,2500.0,2010.0,Chondrite — Ordinary
Vavilovka,46.15,32.83333,1932.0,1876.0,Chondrite — Ordinary
Vengerovo,56.13333,77.26667,10800.0,1950.0,Chondrite — Ordinary
Veramin,35.33333,51.63333,54000.0,1880.0,Stony-iron
Verkhne Tschirskaia,48.41667,43.2,8000.0,1843.0,Chondrite — Ordinary
Vernon County,43.5,-91.16667,1500.0,1865.0,Chondrite — Ordinary
Vetluga,57.8,45.8,750.0,1949.0,Achondrite — HED
Vigarano,44.85,11.4,15000.0,1910.0,Chondrite — Carbonaceous
Villalbeto de la Peña,42.8,-4.66667,3500.0,2004.0,Chondrite — Ordinary
Villarrica,-25.83333,-56.5,,1925.0,Other / Ungrouped
Vilna,54.225,-111.69167,0.1,1967.0,Chondrite — Ordinary
Virba,43.53333,22.63333,3600.0,1873.0,Chondrite — Ordinary
Vishnupur,23.1,87.43333,2437.0,1906.0,Chondrite — Ordinary
Vissannapeta,16.83333,80.75,1303.8,1997.0,Achondrite — HED
Visuni,25.45,70.0,594.0,1915.0,Chondrite — Ordinary
Vouillé,46.63333,0.16667,20000.0,1831.0,Chondrite — Ordinary
Walters,34.33333,-98.3,28100.0,1946.0,Chondrite — Ordinary
Warrenton,38.68333,-91.15,1600.0,1877.0,Chondrite — Carbonaceous
Washougal,45.58333,-122.35,225.0,1939.0,Achondrite — HED
Werdama,32.79732,21.78713,4000.0,2006.0,Chondrite — Ordinary
Wessely,48.95,17.38333,3750.0,1831.0,Chondrite — Ordinary
Weston,41.266667,-73.266667,150000.0,1807.0,Chondrite — Ordinary
Wethersfield (1971),41.7,-72.65,350.0,1971.0,Chondrite — Ordinary
Wethersfield (1982),41.71056,-72.67361,2756.0,1982.0,Chondrite — Ordinary
Whetstone Mountains,31.96185,-110.434183,2138.74,2009.0,Chondrite — Ordinary
Wiluna,-26.59278,120.32833,150000.0,1967.0,Chondrite — Ordinary
Witklip Farm,-26.0,30.0,22.0,1918.0,Chondrite — Ordinary
Witsand Farm,-28.66667,18.91667,66.0,1932.0,Chondrite — Ordinary
Wittekrantz,-32.5,23.0,2200.0,1880.0,Chondrite — Ordinary
Wolamo,9.0,39.0,166.4,1964.0,Other / Ungrouped
Wold Cottage,54.13667,-0.41333,25000.0,1795.0,Chondrite — Ordinary
Woolgorong,-27.75,115.83333,36000.0,1960.0,Chondrite — Ordinary
Worden,42.38467,-83.6115,1551.0,1997.0,Chondrite — Ordinary
Wuan,36.75,114.25,50000.0,1986.0,Chondrite — Ordinary
Wuzhi,35.13333,113.33333,,1931.0,Other / Ungrouped
Xi Ujimgin,44.66667,117.5,5900.0,1980.0,Chondrite — Ordinary
Xingyang,32.33333,114.31667,75500.0,1977.0,Chondrite — Ordinary
Yafa,13.71111,45.17,5700.0,2000.0,Chondrite — Ordinary
Yambo,1.0,22.5,4.0,1951.0,Chondrite — Ordinary
Yangchiang,21.83333,111.83333,20000.0,1954.0,Chondrite — Ordinary
Yanzhuang,24.56667,114.16667,3500.0,1990.0,Chondrite — Ordinary
Yardymly,38.93333,48.25,150200.0,1959.0,Iron meteorite
Yatoor,14.3,79.76667,13600.0,1852.0,Chondrite — Ordinary
Yonozu,37.75,139.0,31650.0,1837.0,Chondrite — Ordinary
Yorktown (New York),41.28333,-73.81667,250.0,1869.0,Chondrite — Ordinary
Yoshiki,34.16667,131.45,0.1,1928.0,Other / Ungrouped
Yukan,28.71667,116.61667,4800.0,1931.0,Chondrite — Ordinary
Yurtuk,47.31667,35.36667,1472.0,1936.0,Achondrite — HED
Zaborzika,50.28333,27.68333,3867.0,1818.0,Chondrite — Ordinary
Zabrodje,55.18333,27.91667,3000.0,1893.0,Chondrite — Ordinary
Zag,27.33333,-9.33333,175000.0,1998.0,Chondrite — Ordinary
Zagami,11.73333,7.08333,18000.0,1962.0,Achondrite — Martian
Zaisan,47.5,83.0,463.0,1963.0,Chondrite — Ordinary
Zaisho,33.7,133.8,330.0,1898.0,Stony-iron
Zaoyang,32.3,112.75,14250.0,1984.0,Chondrite — Ordinary
Zavetnoe,47.13333,43.9,800.0,1952.0,Chondrite — Ordinary
Zavid,44.4,19.11667,95000.0,1897.0,Chondrite — Ordinary
Zebrak,49.88333,13.91667,2000.0,1824.0,Chondrite — Ordinary
Zemaitkiemis,55.3,25.0,44100.0,1933.0,Chondrite — Ordinary
Zhaodong,45.81667,125.91667,42000.0,1984.0,Chondrite — Ordinary
Zhovtnevyi,47.58333,37.25,107000.0,1938.0,Chondrite — Ordinary
Zhuanghe,39.66667,122.98333,2900.0,1976.0,Chondrite — Ordinary
Zmenj,51.83333,26.83333,246.0,1858.0,Achondrite — HED
Zomba,-15.18333,35.28333,7500.0,1899.0,Chondrite — Ordinary
Zsadany,46.93333,21.5,552.0,1875.0,Chondrite — Ordinary
Zvonkov,50.2,30.25,2568.0,1955.0,Chondrite — Ordinary
